CUSTOMERNUMBER,CUSTOMERNAME,CONTACTLASTNAME,CONTACTFIRSTNAME,PHONE,ADDRESSLINE1,ADDRESSLINE2,CITY,STATE,POSTALCODE,COUNTRY,EMPLOYEENUMBER,CREDITLIMIT,TERRITORY
INTEGER,VARCHAR,VARCHAR,VARCHAR,VARCHAR,VARCHAR,VARCHAR,VARCHAR,VARCHAR,VARCHAR,VARCHAR,INTEGER,NUMERIC,VARCHAR
103,Atelier graphique,Schmitt,Carine,40.32.2555,"54, rue Royale",NULL,Nantes,NULL,44000,France,1370,100,EMEA
112,Signal Gift Stores,King,Sue,7025551838,8489 Strong St.,NULL,Las Vegas,NV,83030,USA,1166,100,NA
114,"Australian Collectors, Co.",Ferguson,Peter,03 9520 4555,636 St Kilda Road,Level 3,Melbourne,Victoria,3004,Australia,1611,100,APAC
119,La Rochelle Gifts,Labrune,Janine,40.67.8555,"67, rue des Cinquante Otages",NULL,Nantes,NULL,44000,France,1370,100,EMEA
121,Baane Mini Imports,Bergulfsen,Jonas,07-98 9555,Erling Skakkes gate 78,NULL,Stavern,NULL,4110,Norway,1504,100,EMEA
124,Mini Gifts Distributors Ltd.,Nelson,Valarie,4155551450,5677 Strong St.,NULL,San Rafael,CA,97562,USA,1165,100,NA
125,Havel & Zbyszek Co,Piestrzeniewicz,Zbyszek,(26) 642-7555,ul. Filtrowa 68,NULL,Warszawa,NULL,01-012,Poland,NULL,0,NULL
128,"Blauer See Auto, Co.",Keitel,Roland,+49 69 66 90 2555,Lyonerstr. 34,NULL,Frankfurt,NULL,60528,Germany,1504,100,EMEA
129,Mini Wheels Co.,Murphy,Julie,6505555787,5557 North Pendale Street,NULL,San Francisco,CA,94217,USA,1165,100,NA
131,Land of Toys Inc.,Yu,Kwai,2125557818,897 Long Airport Avenue,NULL,NYC,NY,10022,USA,1323,100,NA
141,Euro+ Shopping Channel,Freyre,Diego,(91) 555 94 44,"C/ Moralzarzal, 86",NULL,Madrid,NULL,28034,Spain,1370,100,EMEA
144,"Volvo Model Replicas, Co",Berglund,Christina,0921-12 3555,Berguvsvu00e4gen  8,NULL,Luleu00e5,NULL,S-958 22,Sweden,1504,100,EMEA
145,Danish Wholesale Imports,Petersen,Jytte,31 12 3555,Vinbu00e6ltet 34,NULL,Kobenhavn,NULL,1734,Denmark,1401,100,EMEA
146,"Saveley & Henriot, Co.",Saveley,Mary,78.32.5555,"2, rue du Commerce",NULL,Lyon,NULL,69004,France,1337,100,EMEA
148,"Dragon Souveniers, Ltd.",Natividad,Eric,+65 221 7555,"Bronz Sok., Bronz Apt. 3/6 Tesvikiye",NULL,Singapore,NULL,79903,Singapore,1621,100,Japan
151,Muscle Machine Inc,Young,Jeff,2125557413,4092 Furth Circle,Suite 400,NYC,NY,10022,USA,1286,100,NA
157,Diecast Classics Inc.,Yu,Kyung,2155551555,7586 Pompton St.,NULL,Allentown,PA,70267,USA,1216,100,NA
161,Technics Stores Inc.,Hirano,Juri,6505556809,9408 Furth Circle,NULL,Burlingame,CA,94217,USA,1165,100,NA
166,Handji Gifts& Co,Victorino,Wendy,+65 224 1555,Village Close - 106 Linden Road Sandown,2nd Floor,Singapore,NULL,69045,Singapore,1612,100,APAC
167,Herkku Gifts,Oeztan,Veysel,+47 2267 3215,"Drammen 121, PR 744 Sentrum",NULL,Bergen,NULL,N 5804,Norway,1504,100,EMEA
168,American Souvenirs Inc,Franco,Sue,2035557845,149 Spinnaker Dr.,Suite 101,New Haven,CT,97823,USA,1286,0,NA
169,Porto Imports Co.,de Castro,Isabel,(1) 356-5555,Estrada da sau00fade n. 58,NULL,Lisboa,NULL,1756,Portugal,NULL,0,NULL
171,Daedalus Designs Imports,Rancu00e9,Martine,20.16.1555,184 chaussu00e9e de Tournai,NULL,Lille,NULL,59000,France,1370,100,EMEA
172,La Corne Dabondance Co.,Bertrand,Marie,(1) 42.34.2555,265 boulevard Charonne,NULL,Paris,NULL,75012,France,1337,100,EMEA
173,Cambridge Collectables Co.,Tseng,Kyung,6175555555,4658 Baden Av.,NULL,Cambridge,MA,51247,USA,1188,100,NA
175,Gift Depot Inc.,King,Julie,2035552570,25593 South Bay Ln.,NULL,Bridgewater,CT,97562,USA,1323,100,NA
177,Osaka Souveniers Co.,Kentary,Mory,+81 06 6342 5555,"Dojima Avanza 4F, 1-6-20 Dojima, Kita-ku",NULL,Osaka,Osaka, 530-0003,Japan,1621,100,Japan
181,Vitachrome Inc.,Frick,Michael,2125551500,2678 Kingston Rd.,Suite 101,NYC,NY,10022,USA,1286,100,NA
186,"Toys of Finland, Co.",Karttunen,Matti,90-224 8555,Keskuskatu 45,NULL,Helsinki,NULL,21240,Finland,1501,100,EMEA
187,"AV Stores, Co.",Ashworth,Victoria,(171) 555-1555,Fauntleroy Circus,NULL,Manchester,NULL,EC2 5NT,UK,1501,100,EMEA
189,"Clover Collections, Co.",Cassidy,Dean,+353 1862 1555,25 Maiden Lane,Floor No. 4,Dublin,NULL,2,Ireland,1504,100,EMEA
198,Auto-Moto Classics Inc.,Taylor,Leslie,6175558428,16780 Pompton St.,NULL,Brickhaven,MA,58339,USA,1216,100,NA
201,"UK Collectables, Ltd.",Devon,Elizabeth,(171) 555-2282,Berkeley Gardens 12  Brewery,NULL,Liverpool,NULL,WX1 6LT,UK,1501,100,EMEA
202,Canadian Gift Exchange Network,Tannamuri,Yoshi,(604) 555-3392,1900 Oak St.,NULL,Vancouver,BC,V3F 2K1,Canada,1323,100,NA
204,Online Mini Collectables,Barajas,Miguel,6175557555,7635 Spinnaker Dr.,NULL,Brickhaven,MA,58339,USA,1188,100,NA
205,Toys4GrownUps.com,Young,Julie,6265557265,78934 Hillside Dr.,NULL,Pasadena,CA,90003,USA,1166,100,NA
206,"Asian Shopping Network, Co",Walker,Brydey,+612 9411 1555,"Penthouse Level, Suntec Tower Three, 8 Temasek",NULL,Singapore,NULL,38988,Singapore,NULL,0,NULL
209,Mini Caravy,Citeaux,Fru00e9du00e9rique,88.60.1555,"24, place Klu00e9ber",NULL,Strasbourg,NULL,67000,France,1370,100,EMEA
211,"King Kong Collectables, Co.",Sunwoo,Michael,+852 2251 1555,"Bank of China Tower, 1 Garden Road",Level 25,Central Hong Kong,NULL,,Hong Kong,1621,100,Japan
216,Enaco Distributors,Saavedra,Eduardo,(93) 203 4555,"Rambla de Cataluu00f1a, 23",NULL,Barcelona,NULL,8022,Spain,1702,100,EMEA
219,Boards & Toys Co.,Young,Leslie,3105552373,4097 Douglas Av.,NULL,Glendale,CA,92561,USA,1166,100,NA
223,Natu00fcrlich Autos,Kloss,Horst,0372-555188,Taucherstrau00dfe 10,NULL,Cunewalde,NULL,1307,Germany,NULL,0,NULL
227,Heintze Collectables,Ibsen,Palle,86 21 3555,Smagsloget 45,NULL,u00c5rhus,NULL,8200,Denmark,1401,100,EMEA
233,Quu00e9bec Home Shopping Network,Fresniu00e8re,Jean,(514) 555-8054,43 rue St. Laurent,NULL,Montru00e9al,Quu00e9bec,H1J 1C3,Canada,1286,100,NA
237,ANG Resellers,Camino,Alejandra,(91) 745 6555,"Gran Vu00eda, 1",NULL,Madrid,NULL,28001,Spain,NULL,0,NULL
239,Collectable Mini Designs Co.,Thompson,Valarie,7605558146,361 Furth Circle,NULL,San Diego,CA,91217,USA,1166,100,NA
240,giftsbymail.co.uk,Bennett,Helen,(198) 555-8888,Garden House Crowther Way,NULL,Cowes,Isle of Wight,PO31 7PJ,UK,1501,100,EMEA
242,Alpha Cognac,Roulet,Annette,61.77.6555,1 rue Alsace-Lorraine,NULL,Toulouse,NULL,31000,France,1370,100,EMEA
247,Messner Shopping Network,Messner,Renate,069-0555984,Magazinweg 7,NULL,Frankfurt,NULL,60528,Germany,NULL,0,NULL
249,Amica Models & Co.,Accorti,Paolo,011-4988555,Via Monte Bianco 34,NULL,Torino,NULL,10100,Italy,1401,100,EMEA
250,Lyon Souveniers,Da Cunha,Daniel,+33 1 46 62 7555,27 rue du Colonel Pierre Avia,NULL,Paris,NULL,75508,France,1337,100,EMEA
256,Auto Associu00e9s & Cie.,Tonini,Daniel,30.59.8555,"67, avenue de Europe",NULL,Versailles,NULL,78000,France,1370,100,EMEA
259,"Toms Spezialitu00e4ten, Ltd",Pfalzheim,Henriette,0221-5554327,Mehrheimerstr. 369,NULL,Ku00f6ln,NULL,50739,Germany,1504,100,EMEA
260,"Royal Canadian Collectables, Ltd.",Lincoln,Elizabeth,(604) 555-4555,23 Tsawassen Blvd.,NULL,Tsawassen,BC,T2F 8M4,Canada,1323,100,NA
273,"Franken Gifts, Co",Franken,Peter,089-0877555,Berliner Platz 43,NULL,Mu00fcnchen,NULL,80805,Germany,NULL,0,NULL
276,"Annas Decorations, Ltd",Ohara,Anna,02 9936 8555,201 Miller Street,Level 15,North Sydney,NSW,2060,Australia,1611,100,APAC
278,Rovelli Gifts,Rovelli,Giovanni,035-640555,Via Ludovico il Moro 22,NULL,Bergamo,NULL,24100,Italy,1401,100,EMEA
282,Souveniers And Things Co.,Huxley,Adrian,+61 2 9495 8555,"Monitor Money Building, 815 Pacific Hwy",Level 6,Chatswood,NSW,2067,Australia,1611,100,APAC
286,Martas Replicas Co.,Hernandez,Marta,6175558555,39323 Spinnaker Dr.,NULL,Cambridge,MA,51247,USA,1216,100,NA
293,BG&E Collectables,Pon,Ed,+41 26 425 50 01,Rte des Arsenaux 41,NULL,Fribourg,NULL,1700,Switzerland,NULL,0,NULL
298,"Vida Sport, Ltd",Holz,Michael,0897-034555,Grenzacherweg 237,NULL,Genu00e8ve,NULL,1203,Switzerland,1702,100,EMEA
299,"Norway Gifts By Mail, Co.",Klaeboe,Jan,+47 2212 1555,"Drammensveien 126 A, PB 744 Sentrum",NULL,Oslo,NULL,N 0106,Norway,1504,100,EMEA
303,Schuyler Imports,Schuyler,Bradley,+31 20 491 9555,Kingsfordweg 151,NULL,Amsterdam,NULL,1043 GR,Netherlands,NULL,0,NULL
307,Der Hund Imports,Anders,Maria,030-0074555,Obere Str. 57,NULL,Berlin,NULL,12209,Germany,NULL,0,NULL
311,"Oulu Toy Supplies, Inc.",Koskitalo,Pirkko,981-443655,Torikatu 38,NULL,Oulu,NULL,90110,Finland,1501,100,EMEA
314,Petit Auto,Dewey,Catherine,(02) 5554 67,Rue Joseph-Bens 532,NULL,Bruxelles,NULL,B-1180,Belgium,1401,100,EMEA
319,Mini Classics,Frick,Steve,9145554562,3758 North Pendale Street,NULL,White Plains,NY,24067,USA,1323,100,NA
320,Mini Creations Ltd.,Tam,Wing C,5085559555,4575 Hillside Dr.,NULL,New Bedford,MA,50553,USA,1188,100,NA
321,Corporate Gift Ideas Co.,Brown,Julie,6505551386,7734 Strong St.,NULL,San Francisco,CA,94217,USA,1165,100,NA
323,"Down Under Souveniers, Inc",Graham,Mike,+64 9 312 5555,162-164 Grafton Road,Level 2,Auckland,NULL,,New Zealand,1612,100,APAC
324,"Stylish Desk Decors, Co.",Brown,Ann,(171) 555-0297,35 King George,NULL,London,NULL,WX3 6FW,UK,1501,100,EMEA
328,Tekni Collectables Inc.,Brown,William,2015559350,7476 Moss Rd.,NULL,Newark,NJ,94019,USA,1323,100,NA
333,"Australian Gift Network, Co",Calaghan,Tony,61-7-3844-6555,31 Duncan St. West End,NULL,South Brisbane,Queensland,4101,Australia,1611,100,APAC
334,Suominen Souveniers,Suominen,Kalle,+358 9 8045 555,"Software Engineering Center, SEC Oy",NULL,Espoo,NULL,FIN-02271,Finland,1501,100,EMEA
335,"Cramer Spezialitu00e4ten, Ltd",Cramer,Philip,0555-09555,Maubelstr. 90,NULL,Brandenburg,NULL,14776,Germany,NULL,0,NULL
339,"Classic Gift Ideas, Inc",Cervantes,Francisca,2155554695,782 First Street,NULL,Philadelphia,PA,71270,USA,1188,100,NA
344,CAF Imports,Fernandez,Jesus,+34 913 728 555,"Merchants House, 27-30 Merchants Quay",NULL,Madrid,NULL,28023,Spain,1702,100,EMEA
347,"Men R US Retailers, Ltd.",Chandler,Michael,2155554369,6047 Douglas Av.,NULL,Los Angeles,CA,91003,USA,1166,100,NA
348,"Asian Treasures, Inc.",McKenna,Patricia,2967 555,8 Johnstown Road,NULL,Cork,Co. Cork,NULL,Ireland,NULL,0,NULL
350,Marseille Mini Autos,Lebihan,Laurence,91.24.4555,"12, rue des Bouchers",NULL,Marseille,NULL,13008,France,1337,100,EMEA
353,Reims Collectables,Henriot,Paul,26.47.1555,59 rue de Abbaye,NULL,Reims,NULL,51100,France,1337,100,EMEA
356,"SAR Distributors, Co",Kuger,Armand,+27 21 550 3555,Century City-Montague Gardens PO Box 37177,NULL,Chempet,NULL,7442,South Africa,NULL,0,NULL
357,GiftsForHim.com,MacKinlay,Wales,64-9-3763555,199 Great North Road,NULL,Auckland,NULL,,New Zealand,1612,100,APAC
361,Kommission Auto,Josephs,Karin,0251-555259,Luisenstr. 48,NULL,Mu00fcnster,NULL,44087,Germany,NULL,0,NULL
362,Gifts4AllAges.com,Yoshido,Juri,6175559555,8616 Spinnaker Dr.,NULL,Boston,MA,51003,USA,1216,100,NA
363,Online Diecast Creations Co.,Young,Valarie,6035558647,2304 Long Airport Avenue,NULL,Nashua,NH,62005,USA,1216,100,NA
369,"Lisboa Souveniers, Inc",Rodriguez,Lino,(1) 354-2555,Jardim das rosas n. 32,NULL,Lisboa,NULL,1675,Portugal,NULL,0,NULL
376,Precious Collectables,Wang,Yang,0452-076555,Hauptstr. 29,NULL,Bern,NULL,3012,Switzerland,1702,0,EMEA
379,Collectables For Less Inc.,Nelson,Allen,6175558555,7825 Douglas Av.,NULL,Brickhaven,MA,58339,USA,1188,100,NA
381,Royale Belge,Cartrain,Pascale,(071) 23 67 2555,"Boulevard Tirou, 255",NULL,Charleroi,NULL,B-6000,Belgium,1401,100,EMEA
382,Salzburg Collectables,Pipps,Georg,6562-9555,Geislweg 14,NULL,Salzburg,NULL,5020,Austria,1401,100,EMEA
385,Cruz & Sons Co.,Cruz,Arnold,+63 2 555 3587,15 McCallum Street - NatWest Center #13-03,NULL,Makati City,NULL,1227 MM,Philippines,1621,100,Japan
386,Lordine Souveniers,Moroni,Maurizio,0522-556555,Strada Provinciale 124,NULL,Reggio Emilia,NULL,42100,Italy,1401,100,EMEA
398,"Tokyo Collectables, Ltd",Shimamura,Akiko,+81 3 3584 0555,2-2-8 Roppongi,NULL,Minato-ku,Tokyo,106-0032,Japan,1621,100,Japan
406,Auto Canal+ Petit,Perrier,Dominique,(1) 47.55.6555,"25, rue Lauriston",NULL,Paris,NULL,75016,France,1337,100,EMEA
409,Stuttgart Collectable Exchange,Mu00fcller,Rita,0711-555361,Adenauerallee 900,NULL,Stuttgart,NULL,70563,Germany,NULL,0,NULL
412,"Extreme Desk Decorations, Ltd",McRoy,Sarah,04 499 9555,101 Lambton Quay,Level 11,Wellington,NULL,,New Zealand,1612,100,APAC
415,"Bavarian Collectables Imports, Co.",Donnermeyer,Michael, +49 89 61 08 9555,Hansastr. 15,NULL,Munich,NULL,80686,Germany,1504,100,EMEA
424,Classic Legends Inc.,Hernandez,Maria,2125558493,5905 Pompton St.,Suite 750,NYC,NY,10022,USA,1286,100,NA
443,"Feuer Online Stores, Inc",Feuer,Alexander,0342-555176,Heerstr. 22,NULL,Leipzig,NULL,4179,Germany,NULL,0,NULL
447,Gift Ideas Corp.,Lewis,Dan,2035554407,2440 Pompton St.,NULL,Glendale,CT,97561,USA,1323,100,NA
448,Scandinavian Gift Ideas,Larsson,Maria,0695-34 6555,u00c5kergatan 24,NULL,Bru00e4cke,NULL,S-844 67,Sweden,1504,100,EMEA
450,The Sharp Gifts Warehouse,Frick,Sue,4085553659,3086 Ingle Ln.,NULL,San Jose,CA,94217,USA,1165,100,NA
452,Mini Auto Werke,Mendel,Roland,7675-3555,Kirchgasse 6,NULL,Graz,NULL,8010,Austria,1401,100,EMEA
455,Super Scale Inc.,Murphy,Leslie,2035559545,567 North Pendale Street,NULL,New Haven,CT,97823,USA,1286,100,NA
456,Microscale Inc.,Kuo,Kee,2125551957,5290 North Pendale Street,Suite 200,NYC,NY,10022,USA,1286,100,NA
458,"Corrida Auto Replicas, Ltd",Sommer,Martu00edn,(91) 555 22 82,"C/ Araquil, 67",NULL,Madrid,NULL,28023,Spain,1702,100,EMEA
459,Warburg Exchange,Ottlieb,Sven,0241-039123,Walserweg 21,NULL,Aachen,NULL,52066,Germany,NULL,0,NULL
462,FunGiftIdeas.com,Benitez,Violeta,5085552555,1785 First Street,NULL,New Bedford,MA,50553,USA,1216,100,NA
465,"Anton Designs, Ltd.",Anton,Carmen,+34 913 728555,"c/ Gobelas, 19-1 Urb. La Florida",NULL,Madrid,NULL,28023,Spain,NULL,0,NULL
471,"Australian Collectables, Ltd",Connery,Sean,61-9-3844-6555,7 Allen Street,NULL,Glen Waverly,Victoria,3150,Australia,1611,100,APAC
473,Frau da Collezione,Ricotti,Franco,+39 022515555,"20093 Cologno Monzese, via Alessandro Volta 16",NULL,Milan,NULL,,Italy,1401,100,EMEA
475,West Coast Collectables Co.,Thompson,Steve,3105553722,3675 Furth Circle,NULL,Burbank,CA,94019,USA,1166,100,NA
477,Mit Vergnu00fcgen & Co.,Moos,Hanna,0621-08555,Forsterstr. 57,NULL,Mannheim,NULL,68306,Germany,NULL,0,NULL
480,"Kremlin Collectables, Co.",Semenov,Alexander,+7 812 293 0521,2 Pobedy Square,NULL,Saint Petersburg,NULL,196143,Russia,NULL,0,NULL
481,"Raanan Stores, Inc","Altagar,G M",Raanan,+ 972 9 959 8555,"3 Hagalim Blv.,",NULL,Herzlia,NULL,47625,Israel,NULL,0,NULL
484,"Iberia Gift Imports, Corp.",Roel,Josu00e9 Pedro,(95) 555 82 82,"C/ Romero, 33",NULL,Sevilla,NULL,41101,Spain,1702,100,EMEA
486,Motor Mint Distributors Inc.,Hernandez,Rosa,2155559857,11328 Douglas Av.,NULL,Philadelphia,PA,71270,USA,1323,100,NA
487,Signal Collectibles Ltd.,Taylor,Sue,4155554312,2793 Furth Circle,NULL,Brisbane,CA,94217,USA,1165,100,NA
489,"Double Decker Gift Stores, Ltd",Hardy,Thomas,(171) 555-7555,120 Hanover Sq.,NULL,London,NULL,WA1 1DP,UK,1501,100,EMEA
495,Diecast Collectables,Franco,Valarie,6175552555,6251 Ingle Ln.,NULL,Boston,MA,51003,USA,1188,100,NA
496,Kellys Gift Shop,Snowden,Tony,+64 9 5555500,"Arenales 1938 3A,NULL,Auckland",NULL,,New Zealand,1612,100,NULL,,
497,Mike Tarallo Shop,Tarallo,Mike,+64 9 5555500,Arenales 1938 3,,Auckland,,,New Zealand,1612,100,APAC
498,Madison Tarallo Shop,Tarallo,Mike,+64 9 5555500,Arenales 1938 3,,Auckland,,,New Zealand,1612,100,APAC
499,Jane Tarallo Shop,Tarallo,Jane,+64 9 5555500,Arenales 1938 3,,Auckland,,,New Zealand,1612,100,APAC
500,Sam Tarallo Shop,Tarallo,Sam,+64 9 5555500,Arenales 1938 3,,Auckland,,,New Zealand,1612,100,APAC
