time_id,the_date,the_day,the_month,the_year,day_of_month,week_of_year,month_of_year,quarter,fiscal_period
INTEGER,TIMESTAMP,VARCHAR(30),VARCHAR(30),SMALLINT,SMALLINT,INTEGER,SMALLINT,VARCHAR(30),VARCHAR(30)
738,1998-01-07 00:00:00,Wednesday,January,1998,7,4,1,Q1,NULL
739,1998-01-08 00:00:00,Thursday,January,1998,8,4,1,Q1,NULL
740,1998-01-09 00:00:00,Friday,January,1998,9,4,1,Q1,NULL
741,1998-01-10 00:00:00,Saturday,January,1998,10,4,1,Q1,NULL
742,1998-01-11 00:00:00,Sunday,January,1998,11,5,1,Q1,NULL
743,1998-01-12 00:00:00,Monday,January,1998,12,5,1,Q1,NULL
744,1998-01-13 00:00:00,Tuesday,January,1998,13,5,1,Q1,NULL
745,1998-01-14 00:00:00,Wednesday,January,1998,14,5,1,Q1,NULL
746,1998-01-15 00:00:00,Thursday,January,1998,15,5,1,Q1,NULL
747,1998-01-16 00:00:00,Friday,January,1998,16,5,1,Q1,NULL
748,1998-01-17 00:00:00,Saturday,January,1998,17,5,1,Q1,NULL
749,1998-01-18 00:00:00,Sunday,January,1998,18,6,1,Q1,NULL
750,1998-01-19 00:00:00,Monday,January,1998,19,6,1,Q1,NULL
751,1998-01-20 00:00:00,Tuesday,January,1998,20,6,1,Q1,NULL
752,1998-01-21 00:00:00,Wednesday,January,1998,21,6,1,Q1,NULL
753,1998-01-22 00:00:00,Thursday,January,1998,22,6,1,Q1,NULL
754,1998-01-23 00:00:00,Friday,January,1998,23,6,1,Q1,NULL
755,1998-01-24 00:00:00,Saturday,January,1998,24,6,1,Q1,NULL
756,1998-01-25 00:00:00,Sunday,January,1998,25,7,1,Q1,NULL
757,1998-01-26 00:00:00,Monday,January,1998,26,7,1,Q1,NULL
758,1998-01-27 00:00:00,Tuesday,January,1998,27,7,1,Q1,NULL
759,1998-01-28 00:00:00,Wednesday,January,1998,28,7,1,Q1,NULL
760,1998-01-29 00:00:00,Thursday,January,1998,29,7,1,Q1,NULL
761,1998-01-30 00:00:00,Friday,January,1998,30,7,1,Q1,NULL
762,1998-01-31 00:00:00,Saturday,January,1998,31,7,1,Q1,NULL
763,1998-02-01 00:00:00,Sunday,February,1998,1,8,2,Q1,NULL
764,1998-02-02 00:00:00,Monday,February,1998,2,8,2,Q1,NULL
765,1998-02-03 00:00:00,Tuesday,February,1998,3,8,2,Q1,NULL
766,1998-02-04 00:00:00,Wednesday,February,1998,4,8,2,Q1,NULL
767,1998-02-05 00:00:00,Thursday,February,1998,5,8,2,Q1,NULL
768,1998-02-06 00:00:00,Friday,February,1998,6,8,2,Q1,NULL
769,1998-02-07 00:00:00,Saturday,February,1998,7,8,2,Q1,NULL
770,1998-02-08 00:00:00,Sunday,February,1998,8,9,2,Q1,NULL
771,1998-02-09 00:00:00,Monday,February,1998,9,9,2,Q1,NULL
772,1998-02-10 00:00:00,Tuesday,February,1998,10,9,2,Q1,NULL
773,1998-02-11 00:00:00,Wednesday,February,1998,11,9,2,Q1,NULL
774,1998-02-12 00:00:00,Thursday,February,1998,12,9,2,Q1,NULL
775,1998-02-13 00:00:00,Friday,February,1998,13,9,2,Q1,NULL
776,1998-02-14 00:00:00,Saturday,February,1998,14,9,2,Q1,NULL
777,1998-02-15 00:00:00,Sunday,February,1998,15,10,2,Q1,NULL
778,1998-02-16 00:00:00,Monday,February,1998,16,10,2,Q1,NULL
779,1998-02-17 00:00:00,Tuesday,February,1998,17,10,2,Q1,NULL
780,1998-02-18 00:00:00,Wednesday,February,1998,18,10,2,Q1,NULL
781,1998-02-19 00:00:00,Thursday,February,1998,19,10,2,Q1,NULL
782,1998-02-20 00:00:00,Friday,February,1998,20,10,2,Q1,NULL
783,1998-02-21 00:00:00,Saturday,February,1998,21,10,2,Q1,NULL
784,1998-02-22 00:00:00,Sunday,February,1998,22,11,2,Q1,NULL
785,1998-02-23 00:00:00,Monday,February,1998,23,11,2,Q1,NULL
786,1998-02-24 00:00:00,Tuesday,February,1998,24,11,2,Q1,NULL
787,1998-02-25 00:00:00,Wednesday,February,1998,25,11,2,Q1,NULL
788,1998-02-26 00:00:00,Thursday,February,1998,26,11,2,Q1,NULL
789,1998-02-27 00:00:00,Friday,February,1998,27,11,2,Q1,NULL
790,1998-02-28 00:00:00,Saturday,February,1998,28,11,2,Q1,NULL
791,1998-03-01 00:00:00,Sunday,March,1998,1,12,3,Q1,NULL
792,1998-03-02 00:00:00,Monday,March,1998,2,12,3,Q1,NULL
793,1998-03-03 00:00:00,Tuesday,March,1998,3,12,3,Q1,NULL
794,1998-03-04 00:00:00,Wednesday,March,1998,4,12,3,Q1,NULL
795,1998-03-05 00:00:00,Thursday,March,1998,5,12,3,Q1,NULL
796,1998-03-06 00:00:00,Friday,March,1998,6,12,3,Q1,NULL
797,1998-03-07 00:00:00,Saturday,March,1998,7,12,3,Q1,NULL
798,1998-03-08 00:00:00,Sunday,March,1998,8,13,3,Q1,NULL
799,1998-03-09 00:00:00,Monday,March,1998,9,13,3,Q1,NULL
800,1998-03-10 00:00:00,Tuesday,March,1998,10,13,3,Q1,NULL
801,1998-03-11 00:00:00,Wednesday,March,1998,11,13,3,Q1,NULL
802,1998-03-12 00:00:00,Thursday,March,1998,12,13,3,Q1,NULL
803,1998-03-13 00:00:00,Friday,March,1998,13,13,3,Q1,NULL
804,1998-03-14 00:00:00,Saturday,March,1998,14,13,3,Q1,NULL
805,1998-03-15 00:00:00,Sunday,March,1998,15,14,3,Q1,NULL
806,1998-03-16 00:00:00,Monday,March,1998,16,14,3,Q1,NULL
807,1998-03-17 00:00:00,Tuesday,March,1998,17,14,3,Q1,NULL
808,1998-03-18 00:00:00,Wednesday,March,1998,18,14,3,Q1,NULL
809,1998-03-19 00:00:00,Thursday,March,1998,19,14,3,Q1,NULL
810,1998-03-20 00:00:00,Friday,March,1998,20,14,3,Q1,NULL
811,1998-03-21 00:00:00,Saturday,March,1998,21,14,3,Q1,NULL
812,1998-03-22 00:00:00,Sunday,March,1998,22,15,3,Q1,NULL
813,1998-03-23 00:00:00,Monday,March,1998,23,15,3,Q1,NULL
814,1998-03-24 00:00:00,Tuesday,March,1998,24,15,3,Q1,NULL
815,1998-03-25 00:00:00,Wednesday,March,1998,25,15,3,Q1,NULL
816,1998-03-26 00:00:00,Thursday,March,1998,26,15,3,Q1,NULL
817,1998-03-27 00:00:00,Friday,March,1998,27,15,3,Q1,NULL
818,1998-03-28 00:00:00,Saturday,March,1998,28,15,3,Q1,NULL
819,1998-03-29 00:00:00,Sunday,March,1998,29,16,3,Q1,NULL
820,1998-03-30 00:00:00,Monday,March,1998,30,16,3,Q1,NULL
821,1998-03-31 00:00:00,Tuesday,March,1998,31,16,3,Q1,NULL
822,1998-04-01 00:00:00,Wednesday,April,1998,1,16,4,Q2,NULL
823,1998-04-02 00:00:00,Thursday,April,1998,2,16,4,Q2,NULL
824,1998-04-03 00:00:00,Friday,April,1998,3,16,4,Q2,NULL
825,1998-04-04 00:00:00,Saturday,April,1998,4,16,4,Q2,NULL
826,1998-04-05 00:00:00,Sunday,April,1998,5,17,4,Q2,NULL
827,1998-04-06 00:00:00,Monday,April,1998,6,17,4,Q2,NULL
828,1998-04-07 00:00:00,Tuesday,April,1998,7,17,4,Q2,NULL
829,1998-04-08 00:00:00,Wednesday,April,1998,8,17,4,Q2,NULL
830,1998-04-09 00:00:00,Thursday,April,1998,9,17,4,Q2,NULL
831,1998-04-10 00:00:00,Friday,April,1998,10,17,4,Q2,NULL
832,1998-04-11 00:00:00,Saturday,April,1998,11,17,4,Q2,NULL
833,1998-04-12 00:00:00,Sunday,April,1998,12,18,4,Q2,NULL
834,1998-04-13 00:00:00,Monday,April,1998,13,18,4,Q2,NULL
835,1998-04-14 00:00:00,Tuesday,April,1998,14,18,4,Q2,NULL
836,1998-04-15 00:00:00,Wednesday,April,1998,15,18,4,Q2,NULL
837,1998-04-16 00:00:00,Thursday,April,1998,16,18,4,Q2,NULL
838,1998-04-17 00:00:00,Friday,April,1998,17,18,4,Q2,NULL
839,1998-04-18 00:00:00,Saturday,April,1998,18,18,4,Q2,NULL
840,1998-04-19 00:00:00,Sunday,April,1998,19,19,4,Q2,NULL
841,1998-04-20 00:00:00,Monday,April,1998,20,19,4,Q2,NULL
842,1998-04-21 00:00:00,Tuesday,April,1998,21,19,4,Q2,NULL
843,1998-04-22 00:00:00,Wednesday,April,1998,22,19,4,Q2,NULL
844,1998-04-23 00:00:00,Thursday,April,1998,23,19,4,Q2,NULL
845,1998-04-24 00:00:00,Friday,April,1998,24,19,4,Q2,NULL
846,1998-04-25 00:00:00,Saturday,April,1998,25,19,4,Q2,NULL
847,1998-04-26 00:00:00,Sunday,April,1998,26,20,4,Q2,NULL
848,1998-04-27 00:00:00,Monday,April,1998,27,20,4,Q2,NULL
849,1998-04-28 00:00:00,Tuesday,April,1998,28,20,4,Q2,NULL
850,1998-04-29 00:00:00,Wednesday,April,1998,29,20,4,Q2,NULL
851,1998-04-30 00:00:00,Thursday,April,1998,30,20,4,Q2,NULL
852,1998-05-01 00:00:00,Friday,May,1998,1,20,5,Q2,NULL
853,1998-05-02 00:00:00,Saturday,May,1998,2,20,5,Q2,NULL
854,1998-05-03 00:00:00,Sunday,May,1998,3,21,5,Q2,NULL
855,1998-05-04 00:00:00,Monday,May,1998,4,21,5,Q2,NULL
856,1998-05-05 00:00:00,Tuesday,May,1998,5,21,5,Q2,NULL
857,1998-05-06 00:00:00,Wednesday,May,1998,6,21,5,Q2,NULL
858,1998-05-07 00:00:00,Thursday,May,1998,7,21,5,Q2,NULL
859,1998-05-08 00:00:00,Friday,May,1998,8,21,5,Q2,NULL
860,1998-05-09 00:00:00,Saturday,May,1998,9,21,5,Q2,NULL
861,1998-05-10 00:00:00,Sunday,May,1998,10,22,5,Q2,NULL
862,1998-05-11 00:00:00,Monday,May,1998,11,22,5,Q2,NULL
863,1998-05-12 00:00:00,Tuesday,May,1998,12,22,5,Q2,NULL
864,1998-05-13 00:00:00,Wednesday,May,1998,13,22,5,Q2,NULL
865,1998-05-14 00:00:00,Thursday,May,1998,14,22,5,Q2,NULL
866,1998-05-15 00:00:00,Friday,May,1998,15,22,5,Q2,NULL
867,1998-05-16 00:00:00,Saturday,May,1998,16,22,5,Q2,NULL
868,1998-05-17 00:00:00,Sunday,May,1998,17,23,5,Q2,NULL
869,1998-05-18 00:00:00,Monday,May,1998,18,23,5,Q2,NULL
870,1998-05-19 00:00:00,Tuesday,May,1998,19,23,5,Q2,NULL
871,1998-05-20 00:00:00,Wednesday,May,1998,20,23,5,Q2,NULL
872,1998-05-21 00:00:00,Thursday,May,1998,21,23,5,Q2,NULL
873,1998-05-22 00:00:00,Friday,May,1998,22,23,5,Q2,NULL
874,1998-05-23 00:00:00,Saturday,May,1998,23,23,5,Q2,NULL
875,1998-05-24 00:00:00,Sunday,May,1998,24,24,5,Q2,NULL
876,1998-05-25 00:00:00,Monday,May,1998,25,24,5,Q2,NULL
877,1998-05-26 00:00:00,Tuesday,May,1998,26,24,5,Q2,NULL
878,1998-05-27 00:00:00,Wednesday,May,1998,27,24,5,Q2,NULL
879,1998-05-28 00:00:00,Thursday,May,1998,28,24,5,Q2,NULL
880,1998-05-29 00:00:00,Friday,May,1998,29,24,5,Q2,NULL
881,1998-05-30 00:00:00,Saturday,May,1998,30,24,5,Q2,NULL
882,1998-05-31 00:00:00,Sunday,May,1998,31,25,5,Q2,NULL
883,1998-06-01 00:00:00,Monday,June,1998,1,25,6,Q2,NULL
884,1998-06-02 00:00:00,Tuesday,June,1998,2,25,6,Q2,NULL
885,1998-06-03 00:00:00,Wednesday,June,1998,3,25,6,Q2,NULL
886,1998-06-04 00:00:00,Thursday,June,1998,4,25,6,Q2,NULL
887,1998-06-05 00:00:00,Friday,June,1998,5,25,6,Q2,NULL
888,1998-06-06 00:00:00,Saturday,June,1998,6,25,6,Q2,NULL
889,1998-06-07 00:00:00,Sunday,June,1998,7,26,6,Q2,NULL
890,1998-06-08 00:00:00,Monday,June,1998,8,26,6,Q2,NULL
891,1998-06-09 00:00:00,Tuesday,June,1998,9,26,6,Q2,NULL
892,1998-06-10 00:00:00,Wednesday,June,1998,10,26,6,Q2,NULL
893,1998-06-11 00:00:00,Thursday,June,1998,11,26,6,Q2,NULL
894,1998-06-12 00:00:00,Friday,June,1998,12,26,6,Q2,NULL
895,1998-06-13 00:00:00,Saturday,June,1998,13,26,6,Q2,NULL
896,1998-06-14 00:00:00,Sunday,June,1998,14,27,6,Q2,NULL
897,1998-06-15 00:00:00,Monday,June,1998,15,27,6,Q2,NULL
898,1998-06-16 00:00:00,Tuesday,June,1998,16,27,6,Q2,NULL
899,1998-06-17 00:00:00,Wednesday,June,1998,17,27,6,Q2,NULL
900,1998-06-18 00:00:00,Thursday,June,1998,18,27,6,Q2,NULL
901,1998-06-19 00:00:00,Friday,June,1998,19,27,6,Q2,NULL
902,1998-06-20 00:00:00,Saturday,June,1998,20,27,6,Q2,NULL
903,1998-06-21 00:00:00,Sunday,June,1998,21,28,6,Q2,NULL
904,1998-06-22 00:00:00,Monday,June,1998,22,28,6,Q2,NULL
905,1998-06-23 00:00:00,Tuesday,June,1998,23,28,6,Q2,NULL
906,1998-06-24 00:00:00,Wednesday,June,1998,24,28,6,Q2,NULL
907,1998-06-25 00:00:00,Thursday,June,1998,25,28,6,Q2,NULL
908,1998-06-26 00:00:00,Friday,June,1998,26,28,6,Q2,NULL
909,1998-06-27 00:00:00,Saturday,June,1998,27,28,6,Q2,NULL
910,1998-06-28 00:00:00,Sunday,June,1998,28,29,6,Q2,NULL
911,1998-06-29 00:00:00,Monday,June,1998,29,29,6,Q2,NULL
912,1998-06-30 00:00:00,Tuesday,June,1998,30,29,6,Q2,NULL
913,1998-07-01 00:00:00,Wednesday,July,1998,1,29,7,Q3,NULL
914,1998-07-02 00:00:00,Thursday,July,1998,2,29,7,Q3,NULL
915,1998-07-03 00:00:00,Friday,July,1998,3,29,7,Q3,NULL
916,1998-07-04 00:00:00,Saturday,July,1998,4,29,7,Q3,NULL
917,1998-07-05 00:00:00,Sunday,July,1998,5,30,7,Q3,NULL
918,1998-07-06 00:00:00,Monday,July,1998,6,30,7,Q3,NULL
919,1998-07-07 00:00:00,Tuesday,July,1998,7,30,7,Q3,NULL
920,1998-07-08 00:00:00,Wednesday,July,1998,8,30,7,Q3,NULL
921,1998-07-09 00:00:00,Thursday,July,1998,9,30,7,Q3,NULL
922,1998-07-10 00:00:00,Friday,July,1998,10,30,7,Q3,NULL
923,1998-07-11 00:00:00,Saturday,July,1998,11,30,7,Q3,NULL
924,1998-07-12 00:00:00,Sunday,July,1998,12,31,7,Q3,NULL
925,1998-07-13 00:00:00,Monday,July,1998,13,31,7,Q3,NULL
926,1998-07-14 00:00:00,Tuesday,July,1998,14,31,7,Q3,NULL
927,1998-07-15 00:00:00,Wednesday,July,1998,15,31,7,Q3,NULL
928,1998-07-16 00:00:00,Thursday,July,1998,16,31,7,Q3,NULL
929,1998-07-17 00:00:00,Friday,July,1998,17,31,7,Q3,NULL
930,1998-07-18 00:00:00,Saturday,July,1998,18,31,7,Q3,NULL
931,1998-07-19 00:00:00,Sunday,July,1998,19,32,7,Q3,NULL
932,1998-07-20 00:00:00,Monday,July,1998,20,32,7,Q3,NULL
933,1998-07-21 00:00:00,Tuesday,July,1998,21,32,7,Q3,NULL
934,1998-07-22 00:00:00,Wednesday,July,1998,22,32,7,Q3,NULL
935,1998-07-23 00:00:00,Thursday,July,1998,23,32,7,Q3,NULL
936,1998-07-24 00:00:00,Friday,July,1998,24,32,7,Q3,NULL
937,1998-07-25 00:00:00,Saturday,July,1998,25,32,7,Q3,NULL
938,1998-07-26 00:00:00,Sunday,July,1998,26,33,7,Q3,NULL
939,1998-07-27 00:00:00,Monday,July,1998,27,33,7,Q3,NULL
940,1998-07-28 00:00:00,Tuesday,July,1998,28,33,7,Q3,NULL
941,1998-07-29 00:00:00,Wednesday,July,1998,29,33,7,Q3,NULL
942,1998-07-30 00:00:00,Thursday,July,1998,30,33,7,Q3,NULL
943,1998-07-31 00:00:00,Friday,July,1998,31,33,7,Q3,NULL
944,1998-08-01 00:00:00,Saturday,August,1998,1,33,8,Q3,NULL
945,1998-08-02 00:00:00,Sunday,August,1998,2,34,8,Q3,NULL
946,1998-08-03 00:00:00,Monday,August,1998,3,34,8,Q3,NULL
947,1998-08-04 00:00:00,Tuesday,August,1998,4,34,8,Q3,NULL
948,1998-08-05 00:00:00,Wednesday,August,1998,5,34,8,Q3,NULL
949,1998-08-06 00:00:00,Thursday,August,1998,6,34,8,Q3,NULL
950,1998-08-07 00:00:00,Friday,August,1998,7,34,8,Q3,NULL
951,1998-08-08 00:00:00,Saturday,August,1998,8,34,8,Q3,NULL
952,1998-08-09 00:00:00,Sunday,August,1998,9,35,8,Q3,NULL
953,1998-08-10 00:00:00,Monday,August,1998,10,35,8,Q3,NULL
954,1998-08-11 00:00:00,Tuesday,August,1998,11,35,8,Q3,NULL
955,1998-08-12 00:00:00,Wednesday,August,1998,12,35,8,Q3,NULL
956,1998-08-13 00:00:00,Thursday,August,1998,13,35,8,Q3,NULL
957,1998-08-14 00:00:00,Friday,August,1998,14,35,8,Q3,NULL
958,1998-08-15 00:00:00,Saturday,August,1998,15,35,8,Q3,NULL
959,1998-08-16 00:00:00,Sunday,August,1998,16,36,8,Q3,NULL
960,1998-08-17 00:00:00,Monday,August,1998,17,36,8,Q3,NULL
961,1998-08-18 00:00:00,Tuesday,August,1998,18,36,8,Q3,NULL
962,1998-08-19 00:00:00,Wednesday,August,1998,19,36,8,Q3,NULL
963,1998-08-20 00:00:00,Thursday,August,1998,20,36,8,Q3,NULL
964,1998-08-21 00:00:00,Friday,August,1998,21,36,8,Q3,NULL
965,1998-08-22 00:00:00,Saturday,August,1998,22,36,8,Q3,NULL
966,1998-08-23 00:00:00,Sunday,August,1998,23,37,8,Q3,NULL
967,1998-08-24 00:00:00,Monday,August,1998,24,37,8,Q3,NULL
968,1998-08-25 00:00:00,Tuesday,August,1998,25,37,8,Q3,NULL
969,1998-08-26 00:00:00,Wednesday,August,1998,26,37,8,Q3,NULL
970,1998-08-27 00:00:00,Thursday,August,1998,27,37,8,Q3,NULL
971,1998-08-28 00:00:00,Friday,August,1998,28,37,8,Q3,NULL
972,1998-08-29 00:00:00,Saturday,August,1998,29,37,8,Q3,NULL
973,1998-08-30 00:00:00,Sunday,August,1998,30,38,8,Q3,NULL
974,1998-08-31 00:00:00,Monday,August,1998,31,38,8,Q3,NULL
975,1998-09-01 00:00:00,Tuesday,September,1998,1,38,9,Q3,NULL
976,1998-09-02 00:00:00,Wednesday,September,1998,2,38,9,Q3,NULL
977,1998-09-03 00:00:00,Thursday,September,1998,3,38,9,Q3,NULL
978,1998-09-04 00:00:00,Friday,September,1998,4,38,9,Q3,NULL
979,1998-09-05 00:00:00,Saturday,September,1998,5,38,9,Q3,NULL
980,1998-09-06 00:00:00,Sunday,September,1998,6,39,9,Q3,NULL
981,1998-09-07 00:00:00,Monday,September,1998,7,39,9,Q3,NULL
982,1998-09-08 00:00:00,Tuesday,September,1998,8,39,9,Q3,NULL
983,1998-09-09 00:00:00,Wednesday,September,1998,9,39,9,Q3,NULL
984,1998-09-10 00:00:00,Thursday,September,1998,10,39,9,Q3,NULL
985,1998-09-11 00:00:00,Friday,September,1998,11,39,9,Q3,NULL
986,1998-09-12 00:00:00,Saturday,September,1998,12,39,9,Q3,NULL
987,1998-09-13 00:00:00,Sunday,September,1998,13,40,9,Q3,NULL
988,1998-09-14 00:00:00,Monday,September,1998,14,40,9,Q3,NULL
367,1997-01-01 00:00:00,Wednesday,January,1997,1,2,1,Q1,NULL
368,1997-01-02 00:00:00,Thursday,January,1997,2,2,1,Q1,NULL
369,1997-01-03 00:00:00,Friday,January,1997,3,2,1,Q1,NULL
370,1997-01-04 00:00:00,Saturday,January,1997,4,2,1,Q1,NULL
371,1997-01-05 00:00:00,Sunday,January,1997,5,3,1,Q1,NULL
372,1997-01-06 00:00:00,Monday,January,1997,6,3,1,Q1,NULL
373,1997-01-07 00:00:00,Tuesday,January,1997,7,3,1,Q1,NULL
374,1997-01-08 00:00:00,Wednesday,January,1997,8,3,1,Q1,NULL
375,1997-01-09 00:00:00,Thursday,January,1997,9,3,1,Q1,NULL
376,1997-01-10 00:00:00,Friday,January,1997,10,3,1,Q1,NULL
377,1997-01-11 00:00:00,Saturday,January,1997,11,3,1,Q1,NULL
378,1997-01-12 00:00:00,Sunday,January,1997,12,4,1,Q1,NULL
379,1997-01-13 00:00:00,Monday,January,1997,13,4,1,Q1,NULL
380,1997-01-14 00:00:00,Tuesday,January,1997,14,4,1,Q1,NULL
381,1997-01-15 00:00:00,Wednesday,January,1997,15,4,1,Q1,NULL
382,1997-01-16 00:00:00,Thursday,January,1997,16,4,1,Q1,NULL
383,1997-01-17 00:00:00,Friday,January,1997,17,4,1,Q1,NULL
384,1997-01-18 00:00:00,Saturday,January,1997,18,4,1,Q1,NULL
385,1997-01-19 00:00:00,Sunday,January,1997,19,5,1,Q1,NULL
386,1997-01-20 00:00:00,Monday,January,1997,20,5,1,Q1,NULL
387,1997-01-21 00:00:00,Tuesday,January,1997,21,5,1,Q1,NULL
388,1997-01-22 00:00:00,Wednesday,January,1997,22,5,1,Q1,NULL
389,1997-01-23 00:00:00,Thursday,January,1997,23,5,1,Q1,NULL
390,1997-01-24 00:00:00,Friday,January,1997,24,5,1,Q1,NULL
391,1997-01-25 00:00:00,Saturday,January,1997,25,5,1,Q1,NULL
392,1997-01-26 00:00:00,Sunday,January,1997,26,6,1,Q1,NULL
393,1997-01-27 00:00:00,Monday,January,1997,27,6,1,Q1,NULL
394,1997-01-28 00:00:00,Tuesday,January,1997,28,6,1,Q1,NULL
395,1997-01-29 00:00:00,Wednesday,January,1997,29,6,1,Q1,NULL
396,1997-01-30 00:00:00,Thursday,January,1997,30,6,1,Q1,NULL
397,1997-01-31 00:00:00,Friday,January,1997,31,6,1,Q1,NULL
398,1997-02-01 00:00:00,Saturday,February,1997,1,6,2,Q1,NULL
399,1997-02-02 00:00:00,Sunday,February,1997,2,7,2,Q1,NULL
400,1997-02-03 00:00:00,Monday,February,1997,3,7,2,Q1,NULL
401,1997-02-04 00:00:00,Tuesday,February,1997,4,7,2,Q1,NULL
402,1997-02-05 00:00:00,Wednesday,February,1997,5,7,2,Q1,NULL
403,1997-02-06 00:00:00,Thursday,February,1997,6,7,2,Q1,NULL
404,1997-02-07 00:00:00,Friday,February,1997,7,7,2,Q1,NULL
405,1997-02-08 00:00:00,Saturday,February,1997,8,7,2,Q1,NULL
406,1997-02-09 00:00:00,Sunday,February,1997,9,8,2,Q1,NULL
407,1997-02-10 00:00:00,Monday,February,1997,10,8,2,Q1,NULL
408,1997-02-11 00:00:00,Tuesday,February,1997,11,8,2,Q1,NULL
409,1997-02-12 00:00:00,Wednesday,February,1997,12,8,2,Q1,NULL
410,1997-02-13 00:00:00,Thursday,February,1997,13,8,2,Q1,NULL
411,1997-02-14 00:00:00,Friday,February,1997,14,8,2,Q1,NULL
412,1997-02-15 00:00:00,Saturday,February,1997,15,8,2,Q1,NULL
413,1997-02-16 00:00:00,Sunday,February,1997,16,9,2,Q1,NULL
414,1997-02-17 00:00:00,Monday,February,1997,17,9,2,Q1,NULL
415,1997-02-18 00:00:00,Tuesday,February,1997,18,9,2,Q1,NULL
416,1997-02-19 00:00:00,Wednesday,February,1997,19,9,2,Q1,NULL
417,1997-02-20 00:00:00,Thursday,February,1997,20,9,2,Q1,NULL
418,1997-02-21 00:00:00,Friday,February,1997,21,9,2,Q1,NULL
419,1997-02-22 00:00:00,Saturday,February,1997,22,9,2,Q1,NULL
420,1997-02-23 00:00:00,Sunday,February,1997,23,10,2,Q1,NULL
421,1997-02-24 00:00:00,Monday,February,1997,24,10,2,Q1,NULL
422,1997-02-25 00:00:00,Tuesday,February,1997,25,10,2,Q1,NULL
423,1997-02-26 00:00:00,Wednesday,February,1997,26,10,2,Q1,NULL
424,1997-02-27 00:00:00,Thursday,February,1997,27,10,2,Q1,NULL
425,1997-02-28 00:00:00,Friday,February,1997,28,10,2,Q1,NULL
426,1997-03-01 00:00:00,Saturday,March,1997,1,10,3,Q1,NULL
427,1997-03-02 00:00:00,Sunday,March,1997,2,11,3,Q1,NULL
428,1997-03-03 00:00:00,Monday,March,1997,3,11,3,Q1,NULL
429,1997-03-04 00:00:00,Tuesday,March,1997,4,11,3,Q1,NULL
430,1997-03-05 00:00:00,Wednesday,March,1997,5,11,3,Q1,NULL
431,1997-03-06 00:00:00,Thursday,March,1997,6,11,3,Q1,NULL
432,1997-03-07 00:00:00,Friday,March,1997,7,11,3,Q1,NULL
433,1997-03-08 00:00:00,Saturday,March,1997,8,11,3,Q1,NULL
434,1997-03-09 00:00:00,Sunday,March,1997,9,12,3,Q1,NULL
435,1997-03-10 00:00:00,Monday,March,1997,10,12,3,Q1,NULL
436,1997-03-11 00:00:00,Tuesday,March,1997,11,12,3,Q1,NULL
437,1997-03-12 00:00:00,Wednesday,March,1997,12,12,3,Q1,NULL
438,1997-03-13 00:00:00,Thursday,March,1997,13,12,3,Q1,NULL
439,1997-03-14 00:00:00,Friday,March,1997,14,12,3,Q1,NULL
440,1997-03-15 00:00:00,Saturday,March,1997,15,12,3,Q1,NULL
441,1997-03-16 00:00:00,Sunday,March,1997,16,13,3,Q1,NULL
442,1997-03-17 00:00:00,Monday,March,1997,17,13,3,Q1,NULL
443,1997-03-18 00:00:00,Tuesday,March,1997,18,13,3,Q1,NULL
444,1997-03-19 00:00:00,Wednesday,March,1997,19,13,3,Q1,NULL
445,1997-03-20 00:00:00,Thursday,March,1997,20,13,3,Q1,NULL
446,1997-03-21 00:00:00,Friday,March,1997,21,13,3,Q1,NULL
447,1997-03-22 00:00:00,Saturday,March,1997,22,13,3,Q1,NULL
448,1997-03-23 00:00:00,Sunday,March,1997,23,14,3,Q1,NULL
449,1997-03-24 00:00:00,Monday,March,1997,24,14,3,Q1,NULL
450,1997-03-25 00:00:00,Tuesday,March,1997,25,14,3,Q1,NULL
451,1997-03-26 00:00:00,Wednesday,March,1997,26,14,3,Q1,NULL
452,1997-03-27 00:00:00,Thursday,March,1997,27,14,3,Q1,NULL
453,1997-03-28 00:00:00,Friday,March,1997,28,14,3,Q1,NULL
454,1997-03-29 00:00:00,Saturday,March,1997,29,14,3,Q1,NULL
455,1997-03-30 00:00:00,Sunday,March,1997,30,15,3,Q1,NULL
456,1997-03-31 00:00:00,Monday,March,1997,31,15,3,Q1,NULL
457,1997-04-01 00:00:00,Tuesday,April,1997,1,15,4,Q2,NULL
458,1997-04-02 00:00:00,Wednesday,April,1997,2,15,4,Q2,NULL
459,1997-04-03 00:00:00,Thursday,April,1997,3,15,4,Q2,NULL
460,1997-04-04 00:00:00,Friday,April,1997,4,15,4,Q2,NULL
461,1997-04-05 00:00:00,Saturday,April,1997,5,15,4,Q2,NULL
462,1997-04-06 00:00:00,Sunday,April,1997,6,16,4,Q2,NULL
463,1997-04-07 00:00:00,Monday,April,1997,7,16,4,Q2,NULL
464,1997-04-08 00:00:00,Tuesday,April,1997,8,16,4,Q2,NULL
465,1997-04-09 00:00:00,Wednesday,April,1997,9,16,4,Q2,NULL
466,1997-04-10 00:00:00,Thursday,April,1997,10,16,4,Q2,NULL
467,1997-04-11 00:00:00,Friday,April,1997,11,16,4,Q2,NULL
468,1997-04-12 00:00:00,Saturday,April,1997,12,16,4,Q2,NULL
469,1997-04-13 00:00:00,Sunday,April,1997,13,17,4,Q2,NULL
470,1997-04-14 00:00:00,Monday,April,1997,14,17,4,Q2,NULL
471,1997-04-15 00:00:00,Tuesday,April,1997,15,17,4,Q2,NULL
472,1997-04-16 00:00:00,Wednesday,April,1997,16,17,4,Q2,NULL
473,1997-04-17 00:00:00,Thursday,April,1997,17,17,4,Q2,NULL
474,1997-04-18 00:00:00,Friday,April,1997,18,17,4,Q2,NULL
475,1997-04-19 00:00:00,Saturday,April,1997,19,17,4,Q2,NULL
476,1997-04-20 00:00:00,Sunday,April,1997,20,18,4,Q2,NULL
477,1997-04-21 00:00:00,Monday,April,1997,21,18,4,Q2,NULL
478,1997-04-22 00:00:00,Tuesday,April,1997,22,18,4,Q2,NULL
479,1997-04-23 00:00:00,Wednesday,April,1997,23,18,4,Q2,NULL
480,1997-04-24 00:00:00,Thursday,April,1997,24,18,4,Q2,NULL
481,1997-04-25 00:00:00,Friday,April,1997,25,18,4,Q2,NULL
482,1997-04-26 00:00:00,Saturday,April,1997,26,18,4,Q2,NULL
483,1997-04-27 00:00:00,Sunday,April,1997,27,19,4,Q2,NULL
484,1997-04-28 00:00:00,Monday,April,1997,28,19,4,Q2,NULL
485,1997-04-29 00:00:00,Tuesday,April,1997,29,19,4,Q2,NULL
486,1997-04-30 00:00:00,Wednesday,April,1997,30,19,4,Q2,NULL
487,1997-05-01 00:00:00,Thursday,May,1997,1,19,5,Q2,NULL
488,1997-05-02 00:00:00,Friday,May,1997,2,19,5,Q2,NULL
489,1997-05-03 00:00:00,Saturday,May,1997,3,19,5,Q2,NULL
490,1997-05-04 00:00:00,Sunday,May,1997,4,20,5,Q2,NULL
491,1997-05-05 00:00:00,Monday,May,1997,5,20,5,Q2,NULL
492,1997-05-06 00:00:00,Tuesday,May,1997,6,20,5,Q2,NULL
493,1997-05-07 00:00:00,Wednesday,May,1997,7,20,5,Q2,NULL
494,1997-05-08 00:00:00,Thursday,May,1997,8,20,5,Q2,NULL
495,1997-05-09 00:00:00,Friday,May,1997,9,20,5,Q2,NULL
496,1997-05-10 00:00:00,Saturday,May,1997,10,20,5,Q2,NULL
497,1997-05-11 00:00:00,Sunday,May,1997,11,21,5,Q2,NULL
498,1997-05-12 00:00:00,Monday,May,1997,12,21,5,Q2,NULL
499,1997-05-13 00:00:00,Tuesday,May,1997,13,21,5,Q2,NULL
500,1997-05-14 00:00:00,Wednesday,May,1997,14,21,5,Q2,NULL
501,1997-05-15 00:00:00,Thursday,May,1997,15,21,5,Q2,NULL
502,1997-05-16 00:00:00,Friday,May,1997,16,21,5,Q2,NULL
503,1997-05-17 00:00:00,Saturday,May,1997,17,21,5,Q2,NULL
504,1997-05-18 00:00:00,Sunday,May,1997,18,22,5,Q2,NULL
505,1997-05-19 00:00:00,Monday,May,1997,19,22,5,Q2,NULL
506,1997-05-20 00:00:00,Tuesday,May,1997,20,22,5,Q2,NULL
507,1997-05-21 00:00:00,Wednesday,May,1997,21,22,5,Q2,NULL
508,1997-05-22 00:00:00,Thursday,May,1997,22,22,5,Q2,NULL
509,1997-05-23 00:00:00,Friday,May,1997,23,22,5,Q2,NULL
510,1997-05-24 00:00:00,Saturday,May,1997,24,22,5,Q2,NULL
511,1997-05-25 00:00:00,Sunday,May,1997,25,23,5,Q2,NULL
512,1997-05-26 00:00:00,Monday,May,1997,26,23,5,Q2,NULL
513,1997-05-27 00:00:00,Tuesday,May,1997,27,23,5,Q2,NULL
514,1997-05-28 00:00:00,Wednesday,May,1997,28,23,5,Q2,NULL
515,1997-05-29 00:00:00,Thursday,May,1997,29,23,5,Q2,NULL
516,1997-05-30 00:00:00,Friday,May,1997,30,23,5,Q2,NULL
517,1997-05-31 00:00:00,Saturday,May,1997,31,23,5,Q2,NULL
518,1997-06-01 00:00:00,Sunday,June,1997,1,24,6,Q2,NULL
519,1997-06-02 00:00:00,Monday,June,1997,2,24,6,Q2,NULL
520,1997-06-03 00:00:00,Tuesday,June,1997,3,24,6,Q2,NULL
521,1997-06-04 00:00:00,Wednesday,June,1997,4,24,6,Q2,NULL
522,1997-06-05 00:00:00,Thursday,June,1997,5,24,6,Q2,NULL
523,1997-06-06 00:00:00,Friday,June,1997,6,24,6,Q2,NULL
524,1997-06-07 00:00:00,Saturday,June,1997,7,24,6,Q2,NULL
525,1997-06-08 00:00:00,Sunday,June,1997,8,25,6,Q2,NULL
526,1997-06-09 00:00:00,Monday,June,1997,9,25,6,Q2,NULL
527,1997-06-10 00:00:00,Tuesday,June,1997,10,25,6,Q2,NULL
528,1997-06-11 00:00:00,Wednesday,June,1997,11,25,6,Q2,NULL
529,1997-06-12 00:00:00,Thursday,June,1997,12,25,6,Q2,NULL
530,1997-06-13 00:00:00,Friday,June,1997,13,25,6,Q2,NULL
531,1997-06-14 00:00:00,Saturday,June,1997,14,25,6,Q2,NULL
532,1997-06-15 00:00:00,Sunday,June,1997,15,26,6,Q2,NULL
533,1997-06-16 00:00:00,Monday,June,1997,16,26,6,Q2,NULL
534,1997-06-17 00:00:00,Tuesday,June,1997,17,26,6,Q2,NULL
535,1997-06-18 00:00:00,Wednesday,June,1997,18,26,6,Q2,NULL
536,1997-06-19 00:00:00,Thursday,June,1997,19,26,6,Q2,NULL
537,1997-06-20 00:00:00,Friday,June,1997,20,26,6,Q2,NULL
538,1997-06-21 00:00:00,Saturday,June,1997,21,26,6,Q2,NULL
539,1997-06-22 00:00:00,Sunday,June,1997,22,27,6,Q2,NULL
540,1997-06-23 00:00:00,Monday,June,1997,23,27,6,Q2,NULL
541,1997-06-24 00:00:00,Tuesday,June,1997,24,27,6,Q2,NULL
542,1997-06-25 00:00:00,Wednesday,June,1997,25,27,6,Q2,NULL
543,1997-06-26 00:00:00,Thursday,June,1997,26,27,6,Q2,NULL
544,1997-06-27 00:00:00,Friday,June,1997,27,27,6,Q2,NULL
545,1997-06-28 00:00:00,Saturday,June,1997,28,27,6,Q2,NULL
546,1997-06-29 00:00:00,Sunday,June,1997,29,28,6,Q2,NULL
547,1997-06-30 00:00:00,Monday,June,1997,30,28,6,Q2,NULL
548,1997-07-01 00:00:00,Tuesday,July,1997,1,28,7,Q3,NULL
549,1997-07-02 00:00:00,Wednesday,July,1997,2,28,7,Q3,NULL
550,1997-07-03 00:00:00,Thursday,July,1997,3,28,7,Q3,NULL
551,1997-07-04 00:00:00,Friday,July,1997,4,28,7,Q3,NULL
552,1997-07-05 00:00:00,Saturday,July,1997,5,28,7,Q3,NULL
553,1997-07-06 00:00:00,Sunday,July,1997,6,29,7,Q3,NULL
554,1997-07-07 00:00:00,Monday,July,1997,7,29,7,Q3,NULL
555,1997-07-08 00:00:00,Tuesday,July,1997,8,29,7,Q3,NULL
556,1997-07-09 00:00:00,Wednesday,July,1997,9,29,7,Q3,NULL
557,1997-07-10 00:00:00,Thursday,July,1997,10,29,7,Q3,NULL
558,1997-07-11 00:00:00,Friday,July,1997,11,29,7,Q3,NULL
559,1997-07-12 00:00:00,Saturday,July,1997,12,29,7,Q3,NULL
560,1997-07-13 00:00:00,Sunday,July,1997,13,30,7,Q3,NULL
561,1997-07-14 00:00:00,Monday,July,1997,14,30,7,Q3,NULL
562,1997-07-15 00:00:00,Tuesday,July,1997,15,30,7,Q3,NULL
563,1997-07-16 00:00:00,Wednesday,July,1997,16,30,7,Q3,NULL
564,1997-07-17 00:00:00,Thursday,July,1997,17,30,7,Q3,NULL
565,1997-07-18 00:00:00,Friday,July,1997,18,30,7,Q3,NULL
566,1997-07-19 00:00:00,Saturday,July,1997,19,30,7,Q3,NULL
567,1997-07-20 00:00:00,Sunday,July,1997,20,31,7,Q3,NULL
568,1997-07-21 00:00:00,Monday,July,1997,21,31,7,Q3,NULL
569,1997-07-22 00:00:00,Tuesday,July,1997,22,31,7,Q3,NULL
570,1997-07-23 00:00:00,Wednesday,July,1997,23,31,7,Q3,NULL
571,1997-07-24 00:00:00,Thursday,July,1997,24,31,7,Q3,NULL
572,1997-07-25 00:00:00,Friday,July,1997,25,31,7,Q3,NULL
573,1997-07-26 00:00:00,Saturday,July,1997,26,31,7,Q3,NULL
574,1997-07-27 00:00:00,Sunday,July,1997,27,32,7,Q3,NULL
575,1997-07-28 00:00:00,Monday,July,1997,28,32,7,Q3,NULL
576,1997-07-29 00:00:00,Tuesday,July,1997,29,32,7,Q3,NULL
577,1997-07-30 00:00:00,Wednesday,July,1997,30,32,7,Q3,NULL
578,1997-07-31 00:00:00,Thursday,July,1997,31,32,7,Q3,NULL
579,1997-08-01 00:00:00,Friday,August,1997,1,32,8,Q3,NULL
580,1997-08-02 00:00:00,Saturday,August,1997,2,32,8,Q3,NULL
581,1997-08-03 00:00:00,Sunday,August,1997,3,33,8,Q3,NULL
582,1997-08-04 00:00:00,Monday,August,1997,4,33,8,Q3,NULL
583,1997-08-05 00:00:00,Tuesday,August,1997,5,33,8,Q3,NULL
584,1997-08-06 00:00:00,Wednesday,August,1997,6,33,8,Q3,NULL
585,1997-08-07 00:00:00,Thursday,August,1997,7,33,8,Q3,NULL
586,1997-08-08 00:00:00,Friday,August,1997,8,33,8,Q3,NULL
587,1997-08-09 00:00:00,Saturday,August,1997,9,33,8,Q3,NULL
588,1997-08-10 00:00:00,Sunday,August,1997,10,34,8,Q3,NULL
589,1997-08-11 00:00:00,Monday,August,1997,11,34,8,Q3,NULL
590,1997-08-12 00:00:00,Tuesday,August,1997,12,34,8,Q3,NULL
591,1997-08-13 00:00:00,Wednesday,August,1997,13,34,8,Q3,NULL
592,1997-08-14 00:00:00,Thursday,August,1997,14,34,8,Q3,NULL
593,1997-08-15 00:00:00,Friday,August,1997,15,34,8,Q3,NULL
594,1997-08-16 00:00:00,Saturday,August,1997,16,34,8,Q3,NULL
595,1997-08-17 00:00:00,Sunday,August,1997,17,35,8,Q3,NULL
596,1997-08-18 00:00:00,Monday,August,1997,18,35,8,Q3,NULL
597,1997-08-19 00:00:00,Tuesday,August,1997,19,35,8,Q3,NULL
598,1997-08-20 00:00:00,Wednesday,August,1997,20,35,8,Q3,NULL
599,1997-08-21 00:00:00,Thursday,August,1997,21,35,8,Q3,NULL
600,1997-08-22 00:00:00,Friday,August,1997,22,35,8,Q3,NULL
601,1997-08-23 00:00:00,Saturday,August,1997,23,35,8,Q3,NULL
602,1997-08-24 00:00:00,Sunday,August,1997,24,36,8,Q3,NULL
603,1997-08-25 00:00:00,Monday,August,1997,25,36,8,Q3,NULL
604,1997-08-26 00:00:00,Tuesday,August,1997,26,36,8,Q3,NULL
605,1997-08-27 00:00:00,Wednesday,August,1997,27,36,8,Q3,NULL
606,1997-08-28 00:00:00,Thursday,August,1997,28,36,8,Q3,NULL
607,1997-08-29 00:00:00,Friday,August,1997,29,36,8,Q3,NULL
608,1997-08-30 00:00:00,Saturday,August,1997,30,36,8,Q3,NULL
609,1997-08-31 00:00:00,Sunday,August,1997,31,37,8,Q3,NULL
610,1997-09-01 00:00:00,Monday,September,1997,1,37,9,Q3,NULL
611,1997-09-02 00:00:00,Tuesday,September,1997,2,37,9,Q3,NULL
612,1997-09-03 00:00:00,Wednesday,September,1997,3,37,9,Q3,NULL
613,1997-09-04 00:00:00,Thursday,September,1997,4,37,9,Q3,NULL
614,1997-09-05 00:00:00,Friday,September,1997,5,37,9,Q3,NULL
615,1997-09-06 00:00:00,Saturday,September,1997,6,37,9,Q3,NULL
616,1997-09-07 00:00:00,Sunday,September,1997,7,38,9,Q3,NULL
617,1997-09-08 00:00:00,Monday,September,1997,8,38,9,Q3,NULL
618,1997-09-09 00:00:00,Tuesday,September,1997,9,38,9,Q3,NULL
619,1997-09-10 00:00:00,Wednesday,September,1997,10,38,9,Q3,NULL
620,1997-09-11 00:00:00,Thursday,September,1997,11,38,9,Q3,NULL
621,1997-09-12 00:00:00,Friday,September,1997,12,38,9,Q3,NULL
622,1997-09-13 00:00:00,Saturday,September,1997,13,38,9,Q3,NULL
623,1997-09-14 00:00:00,Sunday,September,1997,14,39,9,Q3,NULL
624,1997-09-15 00:00:00,Monday,September,1997,15,39,9,Q3,NULL
625,1997-09-16 00:00:00,Tuesday,September,1997,16,39,9,Q3,NULL
626,1997-09-17 00:00:00,Wednesday,September,1997,17,39,9,Q3,NULL
627,1997-09-18 00:00:00,Thursday,September,1997,18,39,9,Q3,NULL
628,1997-09-19 00:00:00,Friday,September,1997,19,39,9,Q3,NULL
629,1997-09-20 00:00:00,Saturday,September,1997,20,39,9,Q3,NULL
630,1997-09-21 00:00:00,Sunday,September,1997,21,40,9,Q3,NULL
631,1997-09-22 00:00:00,Monday,September,1997,22,40,9,Q3,NULL
632,1997-09-23 00:00:00,Tuesday,September,1997,23,40,9,Q3,NULL
633,1997-09-24 00:00:00,Wednesday,September,1997,24,40,9,Q3,NULL
634,1997-09-25 00:00:00,Thursday,September,1997,25,40,9,Q3,NULL
635,1997-09-26 00:00:00,Friday,September,1997,26,40,9,Q3,NULL
636,1997-09-27 00:00:00,Saturday,September,1997,27,40,9,Q3,NULL
637,1997-09-28 00:00:00,Sunday,September,1997,28,41,9,Q3,NULL
638,1997-09-29 00:00:00,Monday,September,1997,29,41,9,Q3,NULL
639,1997-09-30 00:00:00,Tuesday,September,1997,30,41,9,Q3,NULL
640,1997-10-01 00:00:00,Wednesday,October,1997,1,41,10,Q4,NULL
641,1997-10-02 00:00:00,Thursday,October,1997,2,41,10,Q4,NULL
642,1997-10-03 00:00:00,Friday,October,1997,3,41,10,Q4,NULL
643,1997-10-04 00:00:00,Saturday,October,1997,4,41,10,Q4,NULL
644,1997-10-05 00:00:00,Sunday,October,1997,5,42,10,Q4,NULL
645,1997-10-06 00:00:00,Monday,October,1997,6,42,10,Q4,NULL
646,1997-10-07 00:00:00,Tuesday,October,1997,7,42,10,Q4,NULL
647,1997-10-08 00:00:00,Wednesday,October,1997,8,42,10,Q4,NULL
648,1997-10-09 00:00:00,Thursday,October,1997,9,42,10,Q4,NULL
649,1997-10-10 00:00:00,Friday,October,1997,10,42,10,Q4,NULL
650,1997-10-11 00:00:00,Saturday,October,1997,11,42,10,Q4,NULL
651,1997-10-12 00:00:00,Sunday,October,1997,12,43,10,Q4,NULL
652,1997-10-13 00:00:00,Monday,October,1997,13,43,10,Q4,NULL
653,1997-10-14 00:00:00,Tuesday,October,1997,14,43,10,Q4,NULL
654,1997-10-15 00:00:00,Wednesday,October,1997,15,43,10,Q4,NULL
655,1997-10-16 00:00:00,Thursday,October,1997,16,43,10,Q4,NULL
656,1997-10-17 00:00:00,Friday,October,1997,17,43,10,Q4,NULL
657,1997-10-18 00:00:00,Saturday,October,1997,18,43,10,Q4,NULL
658,1997-10-19 00:00:00,Sunday,October,1997,19,44,10,Q4,NULL
659,1997-10-20 00:00:00,Monday,October,1997,20,44,10,Q4,NULL
660,1997-10-21 00:00:00,Tuesday,October,1997,21,44,10,Q4,NULL
661,1997-10-22 00:00:00,Wednesday,October,1997,22,44,10,Q4,NULL
662,1997-10-23 00:00:00,Thursday,October,1997,23,44,10,Q4,NULL
663,1997-10-24 00:00:00,Friday,October,1997,24,44,10,Q4,NULL
664,1997-10-25 00:00:00,Saturday,October,1997,25,44,10,Q4,NULL
665,1997-10-26 00:00:00,Sunday,October,1997,26,45,10,Q4,NULL
666,1997-10-27 00:00:00,Monday,October,1997,27,45,10,Q4,NULL
667,1997-10-28 00:00:00,Tuesday,October,1997,28,45,10,Q4,NULL
668,1997-10-29 00:00:00,Wednesday,October,1997,29,45,10,Q4,NULL
669,1997-10-30 00:00:00,Thursday,October,1997,30,45,10,Q4,NULL
670,1997-10-31 00:00:00,Friday,October,1997,31,45,10,Q4,NULL
671,1997-11-01 00:00:00,Saturday,November,1997,1,45,11,Q4,NULL
672,1997-11-02 00:00:00,Sunday,November,1997,2,46,11,Q4,NULL
673,1997-11-03 00:00:00,Monday,November,1997,3,46,11,Q4,NULL
674,1997-11-04 00:00:00,Tuesday,November,1997,4,46,11,Q4,NULL
675,1997-11-05 00:00:00,Wednesday,November,1997,5,46,11,Q4,NULL
676,1997-11-06 00:00:00,Thursday,November,1997,6,46,11,Q4,NULL
677,1997-11-07 00:00:00,Friday,November,1997,7,46,11,Q4,NULL
678,1997-11-08 00:00:00,Saturday,November,1997,8,46,11,Q4,NULL
679,1997-11-09 00:00:00,Sunday,November,1997,9,47,11,Q4,NULL
680,1997-11-10 00:00:00,Monday,November,1997,10,47,11,Q4,NULL
681,1997-11-11 00:00:00,Tuesday,November,1997,11,47,11,Q4,NULL
682,1997-11-12 00:00:00,Wednesday,November,1997,12,47,11,Q4,NULL
683,1997-11-13 00:00:00,Thursday,November,1997,13,47,11,Q4,NULL
684,1997-11-14 00:00:00,Friday,November,1997,14,47,11,Q4,NULL
685,1997-11-15 00:00:00,Saturday,November,1997,15,47,11,Q4,NULL
686,1997-11-16 00:00:00,Sunday,November,1997,16,48,11,Q4,NULL
687,1997-11-17 00:00:00,Monday,November,1997,17,48,11,Q4,NULL
688,1997-11-18 00:00:00,Tuesday,November,1997,18,48,11,Q4,NULL
689,1997-11-19 00:00:00,Wednesday,November,1997,19,48,11,Q4,NULL
690,1997-11-20 00:00:00,Thursday,November,1997,20,48,11,Q4,NULL
691,1997-11-21 00:00:00,Friday,November,1997,21,48,11,Q4,NULL
692,1997-11-22 00:00:00,Saturday,November,1997,22,48,11,Q4,NULL
693,1997-11-23 00:00:00,Sunday,November,1997,23,49,11,Q4,NULL
694,1997-11-24 00:00:00,Monday,November,1997,24,49,11,Q4,NULL
695,1997-11-25 00:00:00,Tuesday,November,1997,25,49,11,Q4,NULL
696,1997-11-26 00:00:00,Wednesday,November,1997,26,49,11,Q4,NULL
697,1997-11-27 00:00:00,Thursday,November,1997,27,49,11,Q4,NULL
698,1997-11-28 00:00:00,Friday,November,1997,28,49,11,Q4,NULL
699,1997-11-29 00:00:00,Saturday,November,1997,29,49,11,Q4,NULL
700,1997-11-30 00:00:00,Sunday,November,1997,30,50,11,Q4,NULL
701,1997-12-01 00:00:00,Monday,December,1997,1,50,12,Q4,NULL
702,1997-12-02 00:00:00,Tuesday,December,1997,2,50,12,Q4,NULL
703,1997-12-03 00:00:00,Wednesday,December,1997,3,50,12,Q4,NULL
704,1997-12-04 00:00:00,Thursday,December,1997,4,50,12,Q4,NULL
705,1997-12-05 00:00:00,Friday,December,1997,5,50,12,Q4,NULL
706,1997-12-06 00:00:00,Saturday,December,1997,6,50,12,Q4,NULL
707,1997-12-07 00:00:00,Sunday,December,1997,7,51,12,Q4,NULL
708,1997-12-08 00:00:00,Monday,December,1997,8,51,12,Q4,NULL
709,1997-12-09 00:00:00,Tuesday,December,1997,9,51,12,Q4,NULL
710,1997-12-10 00:00:00,Wednesday,December,1997,10,51,12,Q4,NULL
711,1997-12-11 00:00:00,Thursday,December,1997,11,51,12,Q4,NULL
712,1997-12-12 00:00:00,Friday,December,1997,12,51,12,Q4,NULL
713,1997-12-13 00:00:00,Saturday,December,1997,13,51,12,Q4,NULL
714,1997-12-14 00:00:00,Sunday,December,1997,14,52,12,Q4,NULL
715,1997-12-15 00:00:00,Monday,December,1997,15,1,12,Q4,NULL
716,1997-12-16 00:00:00,Tuesday,December,1997,16,1,12,Q4,NULL
717,1997-12-17 00:00:00,Wednesday,December,1997,17,1,12,Q4,NULL
718,1997-12-18 00:00:00,Thursday,December,1997,18,1,12,Q4,NULL
719,1997-12-19 00:00:00,Friday,December,1997,19,1,12,Q4,NULL
720,1997-12-20 00:00:00,Saturday,December,1997,20,1,12,Q4,NULL
721,1997-12-21 00:00:00,Sunday,December,1997,21,2,12,Q4,NULL
722,1997-12-22 00:00:00,Monday,December,1997,22,2,12,Q4,NULL
723,1997-12-23 00:00:00,Tuesday,December,1997,23,2,12,Q4,NULL
724,1997-12-24 00:00:00,Wednesday,December,1997,24,2,12,Q4,NULL
725,1997-12-25 00:00:00,Thursday,December,1997,25,2,12,Q4,NULL
726,1997-12-26 00:00:00,Friday,December,1997,26,2,12,Q4,NULL
727,1997-12-27 00:00:00,Saturday,December,1997,27,2,12,Q4,NULL
728,1997-12-28 00:00:00,Sunday,December,1997,28,3,12,Q4,NULL
729,1997-12-29 00:00:00,Monday,December,1997,29,3,12,Q4,NULL
730,1997-12-30 00:00:00,Tuesday,December,1997,30,3,12,Q4,NULL
731,1997-12-31 00:00:00,Wednesday,December,1997,31,3,12,Q4,NULL
732,1998-01-01 00:00:00,Thursday,January,1998,1,3,1,Q1,NULL
733,1998-01-02 00:00:00,Friday,January,1998,2,3,1,Q1,NULL
734,1998-01-03 00:00:00,Saturday,January,1998,3,3,1,Q1,NULL
735,1998-01-04 00:00:00,Sunday,January,1998,4,4,1,Q1,NULL
736,1998-01-05 00:00:00,Monday,January,1998,5,4,1,Q1,NULL
737,1998-01-06 00:00:00,Tuesday,January,1998,6,4,1,Q1,NULL
989,1998-09-15 00:00:00,Tuesday,September,1998,15,40,9,Q3,NULL
990,1998-09-16 00:00:00,Wednesday,September,1998,16,40,9,Q3,NULL
991,1998-09-17 00:00:00,Thursday,September,1998,17,40,9,Q3,NULL
992,1998-09-18 00:00:00,Friday,September,1998,18,40,9,Q3,NULL
993,1998-09-19 00:00:00,Saturday,September,1998,19,40,9,Q3,NULL
994,1998-09-20 00:00:00,Sunday,September,1998,20,41,9,Q3,NULL
995,1998-09-21 00:00:00,Monday,September,1998,21,41,9,Q3,NULL
996,1998-09-22 00:00:00,Tuesday,September,1998,22,41,9,Q3,NULL
997,1998-09-23 00:00:00,Wednesday,September,1998,23,41,9,Q3,NULL
998,1998-09-24 00:00:00,Thursday,September,1998,24,41,9,Q3,NULL
999,1998-09-25 00:00:00,Friday,September,1998,25,41,9,Q3,NULL
1000,1998-09-26 00:00:00,Saturday,September,1998,26,41,9,Q3,NULL
1001,1998-09-27 00:00:00,Sunday,September,1998,27,42,9,Q3,NULL
1002,1998-09-28 00:00:00,Monday,September,1998,28,42,9,Q3,NULL
1003,1998-09-29 00:00:00,Tuesday,September,1998,29,42,9,Q3,NULL
1004,1998-09-30 00:00:00,Wednesday,September,1998,30,42,9,Q3,NULL
1005,1998-10-01 00:00:00,Thursday,October,1998,1,42,10,Q4,NULL
1006,1998-10-02 00:00:00,Friday,October,1998,2,42,10,Q4,NULL
1007,1998-10-03 00:00:00,Saturday,October,1998,3,42,10,Q4,NULL
1008,1998-10-04 00:00:00,Sunday,October,1998,4,43,10,Q4,NULL
1009,1998-10-05 00:00:00,Monday,October,1998,5,43,10,Q4,NULL
1010,1998-10-06 00:00:00,Tuesday,October,1998,6,43,10,Q4,NULL
1011,1998-10-07 00:00:00,Wednesday,October,1998,7,43,10,Q4,NULL
1012,1998-10-08 00:00:00,Thursday,October,1998,8,43,10,Q4,NULL
1013,1998-10-09 00:00:00,Friday,October,1998,9,43,10,Q4,NULL
1014,1998-10-10 00:00:00,Saturday,October,1998,10,43,10,Q4,NULL
1015,1998-10-11 00:00:00,Sunday,October,1998,11,44,10,Q4,NULL
1016,1998-10-12 00:00:00,Monday,October,1998,12,44,10,Q4,NULL
1017,1998-10-13 00:00:00,Tuesday,October,1998,13,44,10,Q4,NULL
1018,1998-10-14 00:00:00,Wednesday,October,1998,14,44,10,Q4,NULL
1019,1998-10-15 00:00:00,Thursday,October,1998,15,44,10,Q4,NULL
1020,1998-10-16 00:00:00,Friday,October,1998,16,44,10,Q4,NULL
1021,1998-10-17 00:00:00,Saturday,October,1998,17,44,10,Q4,NULL
1022,1998-10-18 00:00:00,Sunday,October,1998,18,45,10,Q4,NULL
1023,1998-10-19 00:00:00,Monday,October,1998,19,45,10,Q4,NULL
1024,1998-10-20 00:00:00,Tuesday,October,1998,20,45,10,Q4,NULL
1025,1998-10-21 00:00:00,Wednesday,October,1998,21,45,10,Q4,NULL
1026,1998-10-22 00:00:00,Thursday,October,1998,22,45,10,Q4,NULL
1027,1998-10-23 00:00:00,Friday,October,1998,23,45,10,Q4,NULL
1028,1998-10-24 00:00:00,Saturday,October,1998,24,45,10,Q4,NULL
1029,1998-10-25 00:00:00,Sunday,October,1998,25,46,10,Q4,NULL
1030,1998-10-26 00:00:00,Monday,October,1998,26,46,10,Q4,NULL
1031,1998-10-27 00:00:00,Tuesday,October,1998,27,46,10,Q4,NULL
1032,1998-10-28 00:00:00,Wednesday,October,1998,28,46,10,Q4,NULL
1033,1998-10-29 00:00:00,Thursday,October,1998,29,46,10,Q4,NULL
1034,1998-10-30 00:00:00,Friday,October,1998,30,46,10,Q4,NULL
1035,1998-10-31 00:00:00,Saturday,October,1998,31,46,10,Q4,NULL
1036,1998-11-01 00:00:00,Sunday,November,1998,1,47,11,Q4,NULL
1037,1998-11-02 00:00:00,Monday,November,1998,2,47,11,Q4,NULL
1038,1998-11-03 00:00:00,Tuesday,November,1998,3,47,11,Q4,NULL
1039,1998-11-04 00:00:00,Wednesday,November,1998,4,47,11,Q4,NULL
1040,1998-11-05 00:00:00,Thursday,November,1998,5,47,11,Q4,NULL
1041,1998-11-06 00:00:00,Friday,November,1998,6,47,11,Q4,NULL
1042,1998-11-07 00:00:00,Saturday,November,1998,7,47,11,Q4,NULL
1043,1998-11-08 00:00:00,Sunday,November,1998,8,48,11,Q4,NULL
1044,1998-11-09 00:00:00,Monday,November,1998,9,48,11,Q4,NULL
1045,1998-11-10 00:00:00,Tuesday,November,1998,10,48,11,Q4,NULL
1046,1998-11-11 00:00:00,Wednesday,November,1998,11,48,11,Q4,NULL
1047,1998-11-12 00:00:00,Thursday,November,1998,12,48,11,Q4,NULL
1048,1998-11-13 00:00:00,Friday,November,1998,13,48,11,Q4,NULL
1049,1998-11-14 00:00:00,Saturday,November,1998,14,48,11,Q4,NULL
1050,1998-11-15 00:00:00,Sunday,November,1998,15,49,11,Q4,NULL
1051,1998-11-16 00:00:00,Monday,November,1998,16,49,11,Q4,NULL
1052,1998-11-17 00:00:00,Tuesday,November,1998,17,49,11,Q4,NULL
1053,1998-11-18 00:00:00,Wednesday,November,1998,18,49,11,Q4,NULL
1054,1998-11-19 00:00:00,Thursday,November,1998,19,49,11,Q4,NULL
1055,1998-11-20 00:00:00,Friday,November,1998,20,49,11,Q4,NULL
1056,1998-11-21 00:00:00,Saturday,November,1998,21,49,11,Q4,NULL
1057,1998-11-22 00:00:00,Sunday,November,1998,22,50,11,Q4,NULL
1058,1998-11-23 00:00:00,Monday,November,1998,23,50,11,Q4,NULL
1059,1998-11-24 00:00:00,Tuesday,November,1998,24,50,11,Q4,NULL
1060,1998-11-25 00:00:00,Wednesday,November,1998,25,50,11,Q4,NULL
1061,1998-11-26 00:00:00,Thursday,November,1998,26,50,11,Q4,NULL
1062,1998-11-27 00:00:00,Friday,November,1998,27,50,11,Q4,NULL
1063,1998-11-28 00:00:00,Saturday,November,1998,28,50,11,Q4,NULL
1064,1998-11-29 00:00:00,Sunday,November,1998,29,51,11,Q4,NULL
1065,1998-11-30 00:00:00,Monday,November,1998,30,51,11,Q4,NULL
1066,1998-12-01 00:00:00,Tuesday,December,1998,1,51,12,Q4,NULL
1067,1998-12-02 00:00:00,Wednesday,December,1998,2,51,12,Q4,NULL
1068,1998-12-03 00:00:00,Thursday,December,1998,3,51,12,Q4,NULL
1069,1998-12-04 00:00:00,Friday,December,1998,4,51,12,Q4,NULL
1070,1998-12-05 00:00:00,Saturday,December,1998,5,51,12,Q4,NULL
1071,1998-12-06 00:00:00,Sunday,December,1998,6,52,12,Q4,NULL
1072,1998-12-07 00:00:00,Monday,December,1998,7,1,12,Q4,NULL
1073,1998-12-08 00:00:00,Tuesday,December,1998,8,1,12,Q4,NULL
1074,1998-12-09 00:00:00,Wednesday,December,1998,9,1,12,Q4,NULL
1075,1998-12-10 00:00:00,Thursday,December,1998,10,1,12,Q4,NULL
1076,1998-12-11 00:00:00,Friday,December,1998,11,1,12,Q4,NULL
1077,1998-12-12 00:00:00,Saturday,December,1998,12,1,12,Q4,NULL
1078,1998-12-13 00:00:00,Sunday,December,1998,13,2,12,Q4,NULL
1079,1998-12-14 00:00:00,Monday,December,1998,14,2,12,Q4,NULL
1080,1998-12-15 00:00:00,Tuesday,December,1998,15,2,12,Q4,NULL
1081,1998-12-16 00:00:00,Wednesday,December,1998,16,2,12,Q4,NULL
1082,1998-12-17 00:00:00,Thursday,December,1998,17,2,12,Q4,NULL
1083,1998-12-18 00:00:00,Friday,December,1998,18,2,12,Q4,NULL
1084,1998-12-19 00:00:00,Saturday,December,1998,19,2,12,Q4,NULL
1085,1998-12-20 00:00:00,Sunday,December,1998,20,3,12,Q4,NULL
1086,1998-12-21 00:00:00,Monday,December,1998,21,3,12,Q4,NULL
1087,1998-12-22 00:00:00,Tuesday,December,1998,22,3,12,Q4,NULL
1088,1998-12-23 00:00:00,Wednesday,December,1998,23,3,12,Q4,NULL
1089,1998-12-24 00:00:00,Thursday,December,1998,24,3,12,Q4,NULL
1090,1998-12-25 00:00:00,Friday,December,1998,25,3,12,Q4,NULL
1091,1998-12-26 00:00:00,Saturday,December,1998,26,3,12,Q4,NULL
1092,1998-12-27 00:00:00,Sunday,December,1998,27,4,12,Q4,NULL
1093,1998-12-28 00:00:00,Monday,December,1998,28,4,12,Q4,NULL
1094,1998-12-29 00:00:00,Tuesday,December,1998,29,4,12,Q4,NULL
1095,1998-12-30 00:00:00,Wednesday,December,1998,30,4,12,Q4,NULL
1096,1998-12-31 00:00:00,Thursday,December,1998,31,4,12,Q4,NULL
